<?xml version="1.0" encoding="UTF-8"?>
<vcs-root xmlns:xsi="http://www.w3.org/2001/XMLSchema-instance" uuid="8d5ae7ce-6750-4cb3-9d96-6d0b6d312844" type="jetbrains.git" xsi:noNamespaceSchemaLocation="https://www.jetbrains.com/teamcity/schemas/2021.1/project-config.xsd">
  <name>netology</name>
  <param name="agentCleanFilesPolicy" value="ALL_UNTRACKED" />
  <param name="agentCleanPolicy" value="ON_BRANCH_CHANGE" />
  <param name="authMethod" value="PASSWORD" />
  <param name="branch" value="refs/heads/master" />
  <param name="ignoreKnownHosts" value="true" />
  <param name="secure:password" value="zxx46a79855a23582c2d52f9612c60c2f45" />
  <param name="submoduleCheckout" value="CHECKOUT" />
  <param name="url" value="https://github.com/northsilver/example-teamcity.git" />
  <param name="useAlternates" value="AUTO" />
  <param name="username" value="sh.ivan.m" />
  <param name="usernameStyle" value="USERID" />
</vcs-root>

