<?xml version="1.0" encoding="UTF-8"?>
<build-type xmlns:xsi="http://www.w3.org/2001/XMLSchema-instance" uuid="4a569a3d-802a-4e3b-a2a9-99fc9ecc4c64" xsi:noNamespaceSchemaLocation="https://www.jetbrains.com/teamcity/schemas/2021.1/project-config.xsd">
  <name>test</name>
  <description />
  <settings>
    <parameters />
    <build-runners>
      <runner id="RUNNER_1" name="" type="Maven2">
        <conditions>
          <equals name="teamcity.build.branch" value="master" />
        </conditions>
        <parameters>
          <param name="goals" value="mvn clean deploy" />
          <param name="localRepoScope" value="agent" />
          <param name="maven.path" value="%teamcity.tool.maven.DEFAULT%" />
          <param name="pomLocation" value="pom.xml" />
          <param name="runnerArgs" value="-Dmaven.test.failure.ignore=true" />
          <param name="teamcity.step.mode" value="default" />
          <param name="userSettingsSelection" value="settings.xml" />
        </parameters>
      </runner>
    </build-runners>
    <vcs-settings>
      <vcs-entry-ref root-id="Netology_HttpsGithubComNorthsilverExampleTeamcity" />
    </vcs-settings>
    <requirements />
    <build-triggers />
    <cleanup />
  </settings>
</build-type>

